Name,Job Title,Company,Industry,LinkedIn,Persona,Pitch Angle,Icebreaker
Sarah Kim,Head of Growth,Beaconly,SaaS,https://linkedin.com/in/sarahkim,"Sarah Kim, Head of Growth at Beaconly, a SaaS company, is likely focused on driving user acquisition, retention, and revenue growth through data-driven strategies. Her responsibilities may include leading cross-functional teams, identifying growth opportunities, and experimenting with new initiatives to achieve scalable growth. Her mindset is probably metrics-oriented, innovative, and adaptable to stay ahead in the competitive SaaS landscape.","Based on the job title and industry, here's a personalized value pitch angle for the Head of Growth at Beaconly:

**""Unlock Sustainable Growth and Maximize Customer Value with Data-Driven Insights""**

As the Head of Growth at Beaconly, you're constantly looking for innovative ways to accelerate customer acquisition, retention, and revenue expansion. You understand the importance of data-driven decision-making to drive sustainable growth and stay ahead of the competition in the SaaS space.

Our solution can help you:

1. **Identify high-value customer segments**: Get actionable insights to prioritize and tailor your growth strategies to the most profitable customer cohorts.
2. **Optimize customer journey touchpoints**: Leverage data to refine your customer experience, reduce churn, and increase loyalty.
3. **inform your go-to-market strategies**: Use data-driven insights to optimize your sales, marketing, and product development efforts, ensuring alignment with your growth goals.
5. **Measure and refine growth initiatives**: Get a single source of truth","Here's a personalized icebreaker:

""Hi Sarah, I came across Beaconly and your work as Head of Growth, and I was impressed by the innovative approach you're taking to drive growth in the industry. I'd love to learn more about your experiences and the challenges you're currently facing. What's been the most significant growth hurdle you've overcome recently, and how did you achieve it?""

This opener shows that you've taken the time to research Sarah's company and role, and that you're genuinely interested in her experiences and challenges. By asking a specific question, you're encouraging her to share her thoughts and opinions, which can help establish a connection and start a meaningful conversation."
Aman Shah,CTO,Cloudeasy,Cloud Tech,https://linkedin.com/in/amanshah,"Aman Shah, CTO at Cloudeasy, is focused on driving innovation and growth through cloud technology, likely responsible for overseeing technical strategy and infrastructure development, and has a forward-thinking mindset that values connection and collaboration.","Based on the CTO role at Cloudeasy, a cloud tech company, here's a personalized value angle:

**""Optimize Cloud Infrastructure for Scalable Innovation and Cost Savings""**

As the CTO of Cloudeasy, you're responsible for driving technological innovation and ensuring the company's cloud infrastructure is scalable, secure, and efficient. Our solution can help you:

1. **Streamline Cloud Costs**: Right-size your cloud resources and eliminate waste, ensuring you're only paying for what you need.
2. **Boost Operational Efficiency**: Automate manual processes and free up your team to focus on high-value tasks that drive innovation and growth.
3. **Improve Security and Compliance**: Strengthen your security posture and ensure your cloud infrastructure meets the highest standards of compliance and regulatory requirements.

By partnering with us, you'll be able to:

* **Enhanced Visibility**: Get real-time insights into your cloud infrastructure, enabling informed decisions and reduced risk.
* **Increased Agility**: Rapid","Here's a personalized icebreaker:

""Hi Aman, I came across Cloudeasy and your role as CTO, and I was impressed by the innovative solutions you're driving in the cloud space. What's been the most fulfilling project you've led recently, and how do you see it impacting the industry in the next 6-sentence opener aims to:

* Show familiarity with their company
* Acknowledge their role
* Express genuine interest in their work
* Open the door for a specific project discussion
* Show enthusiasm for their potential industry impact

This should help establish a connection and make Aman more receptive to further conversation."""
Riya Patel,Marketing Lead,TrustHub,Fintech,https://linkedin.com/in/riyapatel,"Here is a brief description of Riya Patel's goals, responsibilities, and mindset:

**Goals:** Drive brand awareness and generate leads for TrustHub through strategic marketing initiatives. Stay up-to-date with fintech industry trends and innovations to maintain a competitive edge.

**Responsibilities:** Develop and execute marketing campaigns, manage budgets, and collaborate with cross-functional teams to achieve business objectives.

**Mindset:** Data-driven, innovative, and collaborative, with a strong understanding of fintech and a focus on driving growth and results.","Here's a personalized value pitch angle for the Marketing Lead at TrustHub:

**Value Pitch Angle:** ""Amplify Trust in Fintech through Data-Driven Marketing Strategies""

**Rationale:**

1. **Industry relevance**: As a Marketing Lead in the Fintech space, you're likely familiar with the importance of building trust with customers. TrustHub's name itself suggests a focus on this aspect.
2. **Data-driven approach**: As a Marketing Lead, you're likely interested in leveraging data to inform strategy and optimize results. A data-driven approach can help TrustHub differentiate itself in a crowded Fintech landscape.
3. **Marketing strategy alignment**: By emphasizing the importance of amplifying trust through data-driven marketing strategies, you're speaking directly to the Marketing Lead's responsibilities and interests.

**Example Value Proposition:**

""By partnering with [Your Company/Tool], TrustHub can amplify trust with its customers through targeted marketing strategies that leverage actionable data insights. Our platform helps Fint","Here's a personalized icebreaker:

""Hi Riya, I came across TrustHub and was impressed with the innovative approach you're taking to [specific aspect of their marketing strategy]. As a Marketing Lead, you must be excited about the opportunities and challenges that come with it. I'd love to learn more about your priorities and explore ways to support your goals.""

This opener is personalized because:

* It addresses Riya by her first name, creating a sense of familiarity.
* It shows that you've taken the time to research TrustHub and understand their marketing strategy.
* It asks an open-ended question, encouraging Riya to share her thoughts and opinions.
* It expresses your enthusiasm for her work and your willingness to support her goals, which can help establish a connection."
Varun Mehta,Founder,TaskZen,Productivity,https://linkedin.com/in/varunmehta,"Varun Mehta, Founder of TaskZen, likely aims to revolutionize the productivity industry by simplifying task management. As the founder, he is responsible for driving the company's vision, strategy, and growth. With a forward-thinking mindset, Varun is likely innovative, entrepreneurial, and passionate about making a meaningful impact.","Here's a personalized value pitch angle for the Founder of TaskZen:

**Value Pitch Angle:** ""Unlocking the Full Potential of TaskZen with Maximized Productivity""

**Rationale:**

As the Founder of a productivity-focused company, you're likely driven by a passion to help individuals and teams achieve more in less time. You've built TaskZen to provide innovative solutions to streamline tasks, enhance efficiency, and simplify workflows.

To resonate with you, our solution should demonstrate how it can amplify the impact of TaskZen, helping your customers achieve even more remarkable results. By highlighting the benefits of our solution in the context of your company's mission, we can create a compelling narrative that showcases the value of our collaboration.

**Example Value Proposition:**

""Imagine TaskZen empowered with [Our Solution's Key Benefit]. With our combined strengths, your customers can experience an unprecedented level of efficiency, accuracy, and productivity. This means they'll be able to [Desirable Outcome  1], [Des","Here's a personalized icebreaker:

""Hi Varun, I came across TaskZen and was impressed by the innovative approach you've taken as Founder. I'd love to learn more about what inspired you to start this venture and how it's been shaping up so far. Looking forward to connecting!""

This opener:

* Addresses Varun by name, making it more personal
* Shows interest in his company and role, demonstrating that you've taken the time to research him
* Asks an open-ended question, encouraging Varun to share more about himself and his business, which can help establish a connection."
Jenny Clark,VP Sales,Greenstack,Sustainability,https://linkedin.com/in/jennyclark,"Jenny Clark, VP of Sales at Greenstack, is likely driven to accelerate the adoption of eco-friendly solutions, overseeing a team that drives revenue growth while promoting sustainable practices. Her responsibilities may include developing sales strategies, building partnerships, and staying updated on industry trends and regulations. With a focus on sustainability, Jenny's mindset is centered around making a positive environmental impact while achieving business success.","Here's a personalized value pitch angle for the VP Sales at Greenstack:

**Value Pitch Angle:**

""Accelerate Your Sustainability Impact"" with [Your Solution]

**Personalized Hook:**

""As a VP Sales at Greenstack, I understand the importance of driving revenue growth while staying true to your organization's mission to make a meaningful impact in the sustainability space. You're constantly seeking innovative solutions that not only meet but exceed your customers' expectations, while also contributing to a greener future.""

**Value Proposition:**

""Our solution is designed to help Greenstack [specifically address a key pain point or opportunity]. By leveraging our [unique feature/benefit], you'll be able to [desirable outcome, e.g., 'increase sales conversions by 25% while reducing your carbon footprint by 15%.' Our solution is tailored to meet the unique needs of sustainability-focused companies like Greenstack, and we're confident that our partnership will drive tangible results that align with your values.""

**Key Benefits","Here's a personalized icebreaker:

""Hi Jenny, I came across your profile and was impressed with the amazing work you're doing as a VP of Sales at Greenstack. Your leadership in driving sales growth must be a huge asset to your organization. I'd love to learn more about your current priorities and see if there's a challenge I can help you with.""

This opener is personalized, warm, and shows you've taken the time to research her profile and company, making her more receptive to your outreach."
Harshil Rao,Head of Engineering,DeepInfra,AI,https://linkedin.com/in/harshilrao,"Harshil Rao, as the Head of Engineering at DeepInfra, likely focuses on building and leading high-performing engineering teams to develop cutting-edge AI solutions, driving innovation and scalability. His responsibilities may include technical strategy, talent acquisition, and process optimization. He likely has a forward-thinking and collaborative mindset, with a strong emphasis on staying at the forefront of AI advancements.","Here's a personalized value pitch angle tailored to the Head of Engineering at DeepInfra, an AI company"":

**Value Pitch Angle:** ""Accelerating AI Innovation with Scalable Engineering Excellence

**Head of Engineering at DeepInfra, you're at the forefront of AI innovation, you're constantly pushing the boundaries of what's possible. Your team's expertise is critical to driving business forward, but I understand that engineering excellence comes with its own set of challenges.

**Here's how [Your Solution] can help:**

1. **Scale AI Development**: Our solution enables your team to streamline AI development, reducing the time and resources needed to bring new projects to life. With [Your Solution], you can accelerate innovation while maintaining the highest standards of quality.
2. **Optimize Engineering Productivity**: By automating tedious tasks and providing real-time insights, our solution helps your engineers focus on what matters most - creating cutting-edge AI solutions that drive business growth.
3. **Mitigate Technical Debt**:","Here's a short icebreaker that feels personalized and warm for Harshil Rao:

""Hi Harshil, I came across DeepInfra and was impressed by the innovative work you're doing in the engineering space. As the Head of Engineering, I'm sure you're always looking for ways to optimize and improve processes. I'd love to explore ways to help you achieve your goals. What's been the most significant challenge you've faced recently, and how did you overcome it?""

This opener:

* Addresses Harshil by name
* Shows familiarity with his company and job title
* Expresses admiration for his work
* Asks an open-ended question that encourages sharing and conversation
* Ends with a smile, conveying a friendly and approachable tone."
Anjali Sharma,Chief Revenue Officer,Payverse,Fintech,https://linkedin.com/in/anjalisharma,"As a Chief Revenue Officer at a fintech company, Anjali Sharma is likely focused on driving revenue growth, expanding customer acquisition, and optimizing sales strategies. Her responsibilities may include leading cross-functional teams, developing business partnerships, and staying ahead of industry trends. With a C-level role, Anjali likely has a results-driven, strategic mindset with a focus on scaling the business and achieving ambitious revenue targets.","Here's a personalized value pitch angle for the Chief Revenue Officer at Payverse:

**Value Pitch Angle:** ""Unlock Revenue Growth and Financial Efficiency in the Fintech Space

**Personalized Hook:** As a Chief Revenue Officer at Payverse, you're constantly seeking innovative ways to drive growth, optimize financial operations, and stay ahead of the competition in the rapidly evolving fintech landscape.

**Value Proposition:**

Our solution is designed to help you:

1. **Streamline Financial Processes**: By leveraging our expertise, you can automate and optimize financial workflows, reducing costs and increasing efficiency.
2. **Drive Revenue Growth**: Our solution provides actionable insights and data-driven strategies to help you identify and capitalize on new revenue opportunities.
3. **Stay Ahead of the Competition**: With our cutting-edge technology and industry expertise, you'll be able to respond quickly to changing market conditions and stay ahead of the competition.

**Pain Point Resolution:** We understand that as a Chief Revenue Officer, you face challenges such as","Here's a personalized and warm icebreaker for Anjali Sharma:

""Hi Anjali, I came across Payverse and was impressed by the innovative approach to revenue growth. As a Chief Revenue Officer, you must be thrilled to be driving this change. What inspired you to take on this role, and what are some of the most exciting projects you're working on right now?""

This opener:

* Addresses Anjali by her name, making it more personal
* Shows interest in her company and role, demonstrating research and genuine interest
* Ends with an open-ended question, encouraging Anjali to share more about herself and her work, which can help build a connection and start a meaningful conversation."
Dinesh Bhatt,CEO,AgriNova,AgriTech,https://linkedin.com/in/dineshbhatt,"Dinesh Bhatt, CEO of AgriNova, likely focuses on driving innovation in the AgriTech industry, with goals to expand his company's reach and impact. His responsibilities may include strategic decision-making, team leadership, and partnerships necessary to propel AgriNova forward. With a CEO mindset, Dinesh is probably visionary, results-driven, and committed to making a meaningful difference in agriculture and technology.","Here's a personalized value pitch angle for the CEO of AgriNova:

**Value Pitch Angle:** ""Optimizing AgriNova's Growth through Data-Driven Decision Making""

**Rationale:**

* As the CEO of AgriNova, you are responsible for driving strategic growth initiatives and making data-informed decisions to stay ahead in the AgriTech industry.
* You likely face challenges in optimizing crop yields, reducing costs, and ensuring sustainable practices, while also navigating the complexities of agricultural data management.
* A tailored solution can help you unlock new revenue streams, improve operational efficiency, and enhance your company's competitive edge.

**Key Benefits:**

1. **Data-Driven Insights**: Gain actionable intelligence to inform critical business decisions, such as yield prediction, resource optimization, and supply chain optimization.
2. **Operational Efficiency**: Streamline processes, reduce costs, and enhance productivity, allowing you to allocate resources more effectively.
3. **Sustainable Practices**: Implement environmentally friendly practices, ensuring","Here's a personalized icebreaker that feels warm and tailored to Dinesh Bhatt, CEO of AgriNova:

""Hi Dinesh, I came across AgriNova and the incredible work you're doing to drive innovation in the agriculture sector. As a CEO, you must be passionate about staying ahead of the curve to ensure a sustainable future for our planet. I'd love to explore how we can support each other in our shared mission to make a positive impact.""

This opening aims to:

* Show that you've taken the time to research and understand his company and industry
* Acknowledge his leadership and expertise
* Express a genuine interest in his work and values
* Suggest a potential collaboration or mutual benefit, which can spark a meaningful conversation.

Feel free to adjust it according to your tone and style"
Leah Carter,Product Manager,LendLoop,Finance,https://linkedin.com/in/leahcarter,"Leah Carter, a Product Manager at LendLoop, likely focuses on developing and improving financial products that drive business growth and customer satisfaction. Her responsibilities may include defining product roadmaps, gathering customer feedback, and collaborating with cross-functional teams. With a background in finance, Leah likely has a detail-oriented and analytical mindset, driven to deliver results that meet both business and customer needs.","Here's a personalized value pitch angle for a Product Manager at LendLoop:

**Value Pitch Angle:** ""Optimizing Lending Efficiency for Growth""

**Why it matters:

* As a Product Manager at LendLoop, you're responsible for driving the development and launch of innovative lending products that cater to the evolving needs of your customers.
* In today's competitive finance industry, efficiency and speed are critical to staying ahead of the curve.
* By optimizing lending processes, you can reduce costs, improve customer satisfaction, and increase revenue growth.

**How [Your Solution] can help:**

* [Your Solution] can help LendLoop streamline its lending operations, and reduce manual errors, allowing your team to focus on high-value tasks.
* With [Your Solution], you can gain real-time insights into customer behavior, preferences, and needs, enabling data-driven product development and targeted marketing strategies.
* By leveraging [Your Solution], LendLoop can improve its credit risk assessment, reduce defaults,","Here's a short icebreaker that feels personalized and warm for Leah Carter:

""Hi Leah, I came across your profile and was impressed with the work you're doing at LendLoop. Your experience in product management is truly inspiring. I'm curious, what drives your passion for creating innovative products that make a real impact?""

This opener shows that you've taken the time to research Leah's profile and company, and that you're genuinely interested in her work and passions. The question also invites her to share more about herself, which can help start a meaningful conversation."
Nitin Joshi,Director of Partnerships,BizSmart,CRM,https://linkedin.com/in/nitinhoshi,"Based on Nitin Joshi's info, here is a description of their likely goals, responsibilities, and mindset:

Nitin Joshi, as the Director of Partnerships at BizSmart, likely focuses on forging and maintaining strategic relationships to drive business growth through CRM solutions. His responsibilities may include identifying new partnership opportunities, negotiating agreements, and ensuring successful collaborations. With a strong professional network, Nitin likely has a collaborative and results-driven mindset.","Here's a personalized value pitch angle for the Director of Partnerships at BizSmart:

**Value Pitch Angle:** ""Unlocking Strategic Partnerships to Amplify CRM Capabilities""

**Why:** As the Director of Partnerships at BizSmart, you're responsible for driving growth and innovation through collaborative relationships. You understand the importance of integrating cutting-edge solutions to stay ahead in the CRM industry. Our solution can help you:

1. **Enhance CRM Capabilities**: By partnering with us, you can expand BizSmart's offerings, providing customers with a more robust CRM experience.
2. **Boost Competitive Advantage**: Strengthen your market position by integrating our innovative solutions, setting you apart from competitors and solidifying your leadership in the CRM space.
3. **Drive Revenue Growth**: Identify new revenue streams through strategic partnerships, diversifying your revenue mix and fueling BizSmart's continued success.

**Personalized Benefits:**

* As a Director of Partnerships, you'll gain access to a network of innovators","Here's a personalized icebreaker:

""Hi Nitin, great to connect with a fellow partnerships expert! I came across BizSmart and was impressed with the innovative approach to [specific area of their company that resonates with you]. As someone who's dedicated their career to fostering meaningful collaborations, I'm curious to learn more about your journey as Director of Partnerships at BizSmart. What's been the most exciting development for you and the team lately?""

This opener aims to:

* Address Nitin by name and highlight a shared professional interest
* Show genuine interest in BizSmart's work and Nitin's role
* Encourage a conversation starter that's relevant to his current position and expertise
* End with an open-ended question to spark a meaningful exchange"
Tina Wu,Head of Marketing,Streamflow,EdTech,https://linkedin.com/in/tinawu,"Based on Tina Wu's lead info, her goals likely revolve around developing and executing effective marketing campaigns to promote Streamflow's EdTech products, expanding the company's online presence, and driving student engagement. As Head of Marketing, she likely oversees a team responsible for creating and managing marketing strategies, content, and budgets. Tina's mindset is likely focused on innovation, creativity, and data-driven decision-making to stay ahead in the EdTech industry.","Here's a personalized value pitch angle for the Head of Marketing at Streamflow:

**Value Pitch Angle:** ""Amplify Student Experience through Data-Driven Marketing Strategies""

**Why it resonates:**

* As the Head of Marketing at Streamflow, you're responsible for driving student engagement, retention, and ultimately, academic success.
* EdTech is a highly competitive space where student experience is key to differentiation and loyalty.
* By leveraging data-driven marketing strategies, you can create personalized, relevant experiences that cater to the unique needs of your students, setting Streamflow apart from competitors.

**Potential Value Propositions:**

* ""Unlock the full potential of your marketing efforts by leveraging data analytics to optimize student engagement, conversion, and advocacy.""
* ""Develop a deeper understanding of your students' needs, preferences, and pain points to inform marketing strategies that drive meaningful connections and long-term loyalty.""
* ""Stay ahead of the EdTech curve by harnessing the power of data-driven marketing to create targeted,","Here's a personalized icebreaker:

""Hi Tina, I came across Streamflow and your work as Head of Marketing, and I was impressed by the innovative approach you're taking to [specific area of marketing that resonates with Streamflow]. I'd love to explore how you're driving growth and customer engagement at Streamflow. Are there any exciting projects or initiatives on the horizon that you're particularly proud of?""

This opener shows that you've taken the time to research Tina and her company, and that you're genuinely interested in her work. By asking about her current initiatives, you're showing that you value her expertise and opinions."
Rajat Kapoor,Chief Data Officer,Quantivo,Data Analytics,https://linkedin.com/in/rajatkapoor,"Rajat Kapoor, as a Chief Data Officer, likely aims to drive business growth through data-driven insights, overseeing the development and implementation of data analytics strategies across the organization. His responsibilities may include leading cross-functional teams, ensuring data quality and governance, and identifying opportunities for innovation and revenue generation. He is likely a strategic thinker with a strong technical background, focused on leveraging data to inform business decisions and stay ahead of the competition.","Here's a personalized value pitch angle for the Chief Data Officer at Quantivo:

**Value Pitch Angle:**

""As a Chief Data Officer at Quantivo, you're responsible for driving business growth through data-driven insights. I understand that your top priority is to unlock the full potential of your organization's data assets, while ensuring data quality, security, and compliance.

Our solution can help you:

1. **Streamline data management**: By automating data workflows, you'll free up your team's time to focus on higher-value tasks, such as advanced analytics and machine learning.
2. **Enhance data governance**: Our solution provides a single source of truth, ensuring that your data is accurate, complete, and consistent across the organization.
3. **Fuel business growth**: With our solution, you'll be able to identify new business opportunities, optimize operations, and create new revenue streams through data-driven decision-making.

By partnering with us, you'll be able to:

* Stay ahead of the competition in","Here's a personalized opener for Rajat Kapoor:

""Hi Rajat, as a fellow data enthusiast, I was impressed by Quantivo's innovative approach to data analytics. Your leadership as Chief Data Officer has undoubtedly played a significant role in driving business growth through data-driven decisions. I'd love to explore how we can further amplify your data strategies together. Looking forward to connecting!""

This opener aims to:

1. Address him by name, creating a sense of familiarity.
2. Show appreciation for his work and company, demonstrating research and interest.
3. Highlight his role and expertise, acknowledging his achievements.
4. Express enthusiasm for potential collaboration, making the connection more appealing.

Feel free to adjust according to your tone and style."
Emily Moore,Operations Manager,QuickCart,E-commerce,https://linkedin.com/in/emilymoore,"Emily Moore, an Operations Manager at QuickCart, likely focuses on streamlining processes, managing teams, and optimizing logistics to ensure timely and efficient delivery of products to customers. Her responsibilities may include developing operational strategies, analyzing performance metrics, and identifying opportunities for improvement. With an e-commerce background, Emily's mindset is probably centered around providing exceptional customer experiences, staying adaptable to changing market trends, and driving business growth.","Here's a personalized value pitch angle tailored to the Operations Manager at QuickCart, an e-commerce company:

**Value Pitch Angle:** ""Streamline Operations to Fuel QuickCart's Rapid Growth""

**Pain Points:**

* Inefficiencies in order fulfillment, leading to delayed shipments
* Inability to scale operations to keep up with increasing customer orders
* High operational costs eating into profit margins
* Difficulty in maintaining high customer satisfaction ratings

**Unique Value Proposition:**

Our solution helps QuickCart optimize its operations to match its rapid growth. By [briefly describe your solution], we can help you:

* Increase order fulfillment efficiency by [X]%
* Scale operations to handle [X]% more customer demand
* Reduce operational costs by [X]%
* Improve customer satisfaction ratings by [X]%

**Key Benefits:**

* Enhanced customer experience through faster and more reliable order fulfillment
* Increased operational efficiency, leading to cost savings and improved profit margins
* Scalable operations to support","Here's a personalized icebreaker:

""Hi Emily, I came across your profile and was impressed with the great work you're doing as an Operations Manager at QuickCart. I'm curious, what's the most exciting project you've overseen recently that's had a significant impact on the company's growth?""

This message aims to:

* Show that you've taken the time to research her profile and company
* Acknowledge her role and responsibilities
* Ask an open-ended question that encourages her to share her accomplishments and insights
* Keep the tone friendly and non-salesy to help build a connection."
Jay Malhotra,VP Engineering,CircuitCloud,DevOps,https://linkedin.com/in/jaymalhotra,"Here is a possible description of Jay Malhotra's likely goals, responsibilities, and mindset:

As VP Engineering at CircuitCloud, his primary goals are to drive innovation, ensure seamless DevOps operations, and scale the company's technology infrastructure. He is responsible for leading the engineering team, making strategic technical decisions, and staying ahead of the curve in the fast-paced tech industry. Jay likely has a forward-thinking, results-driven, and collaborative mindset.","Here's a personalized value pitch angle for the VP Engineering at CircuitCloud:

**Value Pitch Angle:** ""Optimize Engineering Velocity and Reliability with [Your Solution]""

**Why it resonates:**

1. **Engineering Velocity**: As the VP of Engineering at CircuitCloud, a DevOps company, you're likely focused on accelerating the speed and quality of your teams' output. Our solution can help you achieve this by streamlining processes, reducing technical debt, and increasing automation.
2. **Reliability**: With a DevOps focus, you understand the importance of ensuring consistent, high-quality deployments. Our solution can help you minimize errors, reduce mean time to recovery (MTTR), and improve overall system reliability, giving your customers a better experience.
3. **Engineering Efficiency**: As a VP of Engineering, you're responsible for optimizing resource allocation and maximizing engineering productivity. Our solution can help you identify areas of inefficiency, and prioritize efforts to free up more time for strategic, high-impact","Here's a short icebreaker that feels personalized and warm for Jay Malhotra:

""Hi Jay, I've been following CircuitCloud's impressive growth and innovation in the engineering space. As a VP of Engineering, I'm curious to learn more about your vision for scaling CircuitCloud's technology forward. What's the most exciting project you're working on these days?""

This opener:

* Addresses Jay by name, creating a personal connection
* Shows familiarity with his company, CircuitCloud, and its accomplishments
* Highlights his role as VP Engineering, demonstrating respect for his expertise
* Ends with an open-ended question, encouraging Jay to share more about his work and sparking a conversation."
Sneha Jain,CMO,Recruitify,HR Tech,https://linkedin.com/in/snehajain,"Here is a possible description of Sneha Jain's likely goals, responsibilities, and mindset:

As CMO of Recruitify, Sneha's primary goal is to develop and execute strategies that increase brand visibility, generate leads, and drive revenue growth in the HR Tech industry. She is likely responsible for overseeing marketing initiatives, managing a team, and staying up-to-date on industry trends. Her mindset is likely focused on innovation, collaboration, and data-driven decision making.","Here's a personalized value pitch angle for a CMO at Recruitify:

**Value Pitch Angle:** ""Optimize Your Recruitment Funnel with Data-Driven Storytelling""

**Why it resonates:**

1. As a CMO, this lead is likely focused on driving top-of-funnel engagement, generating leads, and creating a compelling brand narrative that resonates with their target audience.
2. Recruitify, being an HR Tech company, is likely dealing with a complex sales cycle, where the decision-making process involves multiple stakeholders.
3. By highlighting the importance of ""data-driven storytelling,"" you're speaking directly to the CMO's pain points around creating a cohesive narrative that drives results.

**Example Value Proposition:**

""Hi [CMO's Name], as a CMO at Recruitify, you're tasked with driving growth, building brand awareness, and creating a compelling narrative that resonates with your target audience. But, in a crowded HR Tech landscape, it can","Here's a short icebreaker that feels personalized and warm for Sneha Jain, CMO at Recruitify:

""Hi Sneha, I came across Recruitify and was impressed by the work you're doing to make recruitment more efficient. As a CMO, you must have a unique perspective on what drives talent acquisition. What's the most exciting project you're working on right now?""

This opener:

* Addresses Sneha by name, making it personalized
* Shows interest in her company and work, making it warm
* Asks a question that's relevant to her role and expertise, encouraging her to share her thoughts and experiences."
Mira Thomas,COO,SpaceBox,Logistics,https://linkedin.com/in/mirathomas,"Mira Thomas, as the COO of a logistics company, likely focuses on optimizing operational efficiency, and driving strategic growth while ensuring timely delivery of services. She is responsible for overseeing daily operations, implementing process improvements, and making data-driven decisions to stay ahead in the competitive logistics industry.","Here's a personalized value pitch angle for the COO of SpaceBox, a logistics company:

**""Optimize Operations, Unlock Capacity, and Fuel Growth in the Ever-Evolving Logistics Landscape

As the COO of SpaceBox, you're constantly navigating the complexities of logistics operations, seeking ways to streamline processes, reduce costs, and improve customer satisfaction. With the rise of e-commerce and changing consumer behaviors, the logistics industry is facing unprecedented pressures to adapt and innovate.

**Your Unique Pain Points:**

* Managing the intricacies of warehouse management, transportation, and last-mile delivery
* Ensuring timely and accurate order fulfillment while controlling operational costs
* Staying ahead of the competition in a rapidly changing environment
* Balancing the need for scalability with the requirement for operational efficiency

**Our Solution:**

Our [product/service] is designed to help forward-thinking logistics companies like SpaceBox overcome these challenges and thrive in today's fast-paced environment. By leveraging our expertise and technology, you can","Here's a short icebreaker that feels personalized and warm for Mira Thomas:

""Hi Mira, I've been impressed by SpaceBox's innovative approach to [specific area of interest]. As a COO, you must be instrumental in driving that vision forward. I'd love to explore how [your product/service] could help SpaceBox achieve its goals. Looking forward to connecting!""

This opener shows that you've taken the time to research Mira's company and her role, and that you're genuinely interested in exploring how you can help her achieve her goals. The personalized touch helps to build rapport and increases the likelihood of Mira responding to your message."
Aayush Verma,Sales Director,LeadEdge,Marketing Tech,https://linkedin.com/in/aayushverma,"Aayush Verma, a Sales Director at LeadEdge, a Marketing Tech company, likely goals: driving sales growth, meeting revenue targets, and expanding the customer base. His responsibilities may include leading a team of sales professionals, identifying new business opportunities, and building relationships with key clients.","Here's a personalized value pitch angle for the Sales Director at LeadEdge:

**""Maximize Sales Productivity and Conversion Rates with [Your Solution]**

As a Sales Director at LeadEdge, you're constantly looking for ways to optimize your sales strategy, enhance your team's performance, and drive revenue growth. With the ever-evolving marketing tech landscape, it can be challenging to stay ahead of the competition.

Our solution is designed to help you overcome these challenges by:

* **Enhancing Lead Quality**: Providing you with more accurate and actionable insights to target high-value leads, reducing the noise, and increasing conversions.
* **Streamlining Sales Processes**: Automating routine tasks, freeing up your team's time to focus on high-leverage activities, and driving more deals to closure.
* **Unlocking Data-Driven Decision Making**: Providing you with real-time visibility into sales performance, enabling data-driven coaching, and optimizing sales strategies to achieve your revenue goals.

By leveraging our solution, you can:

*","Here's a personalized icebreaker that feels warm and tailored to Aayush Verma:

""Hi Aayush, I came across your profile and was impressed by your experience as a Sales Director at LeadEdge. Your ability to drive sales growth and lead high-performing teams is truly commendable. I'd love to learn more about your approach to sales strategy and how you're finding the current market landscape. Are there any exciting projects you're working on right now that you're particularly proud of?""

This opener acknowledges Aayush's achievements, shows interest in his expertise, and asks a question that encourages him to share more about his work, making the conversation feel more personalized and warm."
Nora Ali,Founder,FemFund,Venture Capital,https://linkedin.com/in/noraali,"Nora Ali, Founder of FemFund, likely aims to empower women-led startups and bridge the funding gap in the venture capital industry. Her responsibilities may include sourcing investment opportunities, building a strong network of investors and partners, and providing strategic guidance to portfolio companies. With a strong sense of purpose and a commitment to creating positive impact, Nora's mindset is entrepreneurial, innovative, and collaborative.","Here's a personalized value pitch angle for the Founder of FemFund:

**Value Pitch Angle:** ""Accelerate Your Mission to Empower Women-Led Businesses with [Your Solution/Service]""

**Why it resonates:**

* As the Founder of FemFund, a Venture Capital firm focused on empowering women-led businesses, you are deeply committed to creating a positive impact in the industry.
* Your mission is to provide resources, support, and funding to women entrepreneurs who might otherwise face significant barriers to success.
* By highlighting the potential for [Your Solution/Service] to accelerate this mission, you are speaking directly to the Founder's values and goals.

**Example Value Pitch:**

""I understand that FemFund is dedicated to bridging the funding gap for women-led startups. Our [Solution/Service] can help you streamline your investment process, identify high-potential deals, and increase the success rate of your portfolio companies. By partnering with us, you can:

* Increase the number of women","Here's a short and warm icebreaker:

""Hi Nora, I'm thrilled to connect with the driving force behind empowering women through financial freedom! Your work at FemFund is truly inspiring, and I'd love to learn more about your vision for a more inclusive financial future.""

This opener acknowledges Nora's hard work and dedication to her cause, while showing genuine interest in her perspective. It's a great way to start a conversation that feels personalized and warm."
Aman Gupta,Lead Developer,NeuroStack,Healthcare AI,https://linkedin.com/in/amangupta,"Aman Gupta, Lead Developer at NeuroStack, is focused on developing AI solutions that drive healthcare innovation, likely responsible for overseeing technical projects and leading a team of developers to achieve this goal. With a strong technical background, Aman is likely a problem-solver who values collaboration and staying up-to-date with the latest advancements in healthcare AI.","Here's a personalized value pitch angle for the Lead Developer at NeuroStack:

**Value Pitch Angle:**

""Lead Developer"" at NeuroStack, you're responsible for driving the technical vision of your Healthcare AI company. You're likely no stranger to the challenges of building and scaling AI models that can accurately analyze complex medical data.

**Our Solution:**

Our platform is designed to help companies like NeuroStack overcome the limitations of traditional AI development, deployment, and scaling. With our solution, you can:

1. **Accelerate model development**: By leveraging our pre-built components and workflows, your team can reduce the time spent on building and testing AI models, and focus on what matters most â€“ improving patient outcomes.**
3. **Streamline deployment**: Our platform enables seamless integration with your existing infrastructure, ensuring that your AI models are deployed quickly and efficiently, without compromising on performance or security.
4. **Scale with confidence**: As your AI models grow in complexity and size, our solution ensures that they","Here's a short icebreaker that feels personalized and warm for Aman Gupta:

""Hi Aman, I'm thrilled to connect with the lead developer behind NeuroStack's innovative solutions! I'm curious, what sparked your passion for building cutting-edge tech that's changing the game?""

This opener:

* Addresses Aman by his name, making it more personalized
* References his job title and company, showing you've taken an interest in his work
* Asks an open-ended question that encourages him to share more about his passions and interests
* Uses a friendly and approachable language to break the ice"
Vishal Sheth,Customer Success Head,RetainUp,Customer Experience,https://linkedin.com/in/vishalsheth,"Here is a possible description of Vishal Sheth's likely goals, responsibilities, and mindset:

Vishal Sheth is likely focused on driving customer satisfaction and loyalty, ensuring seamless onboarding and support experiences, and identifying opportunities to upsell and cross-sell. As the Customer Success Head, he is responsible for leading a team to achieve these goals, while also staying up-to-date with industry trends and best practices in customer experience.","Here's a personalized value pitch angle for the Customer Success Head at RetainUp:

**Value Pitch Angle:**

""Unlock the full potential of your customer relationships and drive revenue growth through proactive, data-driven retention strategies. As the Customer Success Head at RetainUp, you're uniquely positioned to revolutionize your customer experience and stay ahead of the competition.

By leveraging [Your Solution/Platform], you'll gain a 360-degree view of your customers' needs, preferences, and pain points, enabling your team to deliver personalized, high-touch experiences that drive loyalty and advocacy.

With our solution, you can:

* Identify and mitigate churn risks in real-time, reducing revenue loss and improving customer lifetime value
* Develop targeted, data-driven retention strategies that resonate with your customers' satisfaction and loyalty
* Streamline customer success operations, freeing up your team to deliver high-value services that drive revenue growth and customer advocacy

At [Your Company], we understand the importance of customer retention in driving long-term growth","Here's a personalized icebreaker:

""Hi Vishal, I came across your profile and was impressed with the amazing work you're doing as the Customer Success Head at RetainUp. I'm curious to know, what drives your passion for ensuring customers get the most out of your innovative solutions?""

This opener aims to:

* Show you've taken the time to research their profile
* Highlight their achievements and responsibilities
* Ask an open-ended question that encourages them to share their thoughts and experiences
* Create a warm and inviting tone, setting the stage for a productive conversation."
Priya Desai,Content Strategist,Storytics,Media,https://linkedin.com/in/priyadesai,"Here is a possible description of Priya Desai's likely goals, responsibilities, and mindset:

Priya Desai is likely responsible for developing and implementing content marketing strategies that drive engagement and conversions. Her goal is to create compelling narratives that resonate with Storytics' target audience, staying up-to-date on industry trends and best practices in media. She's a strategic thinker with a creative flair.","Here's a personalized value pitch angle for the Content Strategist at Storytics:

**Headline:** ""Amplify Your Story's Potential: Unlock Data-Driven Content Strategies with [Your Solution]""

**Value Proposition:**

As a Content Strategist at Storytics, you understand the importance of crafting compelling narratives that resonate with your audience. However, you also know that in today's data-driven media landscape, it's crucial to back your creative vision with concrete metrics.

That's where [Your Solution] comes in. Our innovative platform is designed to help you bridge the gap between creative intuition and data analysis**, empowering you to:

1. **Optimize content performance**: Leverage actionable insights to refine your content strategy, maximizing engagement and ROI.
2. **Streamline content creation**: Automate routine tasks, freeing up time to develop high-quality, data-informed content that drives results.
3. **Enhance collaboration**: Unite your team around a shared understanding of your audience, goals,","Here's a short icebreaker that feels personalized and warm for Priya Desai:

""Hi Priya, I'm thrilled to connect with a fellow storyteller! As a Content Strategist at Storytics, I'm curious to know: what's the most compelling story you've helped bring to life recently?""

This opener is personalized because it:

* Addresses Priya by name
* References her job title and company, demonstrating you've taken the time to understand her professional context
* Shows interest in her work and expertise, making her more likely to engage with you.

Feel free to adjust it to your style and tone!"
Kabir Saxena,Chief Strategy Officer,BotBay,Conversational AI,https://linkedin.com/in/kabirsaxena,"Kabir Saxena, as a Chief Strategy Officer at BotBay, likely aims to develop and implement innovative strategies to drive growth and expansion in the conversational AI industry. His responsibilities may include overseeing market research, competitor analysis, and partnerships to stay ahead in the industry. With a strong LinkedIn presence, Kabir likely values professional networking and staying up-to-date on industry trends.","Here's a personalized value pitch angle for the Chief Strategy Officer at BotBay:

**Value Pitch Angle:** ""Unlocking Conversational AI's Full Potential: Strategic Growth Opportunities for BotBay

**Key Message:** As a seasoned Chief Strategy Officer, you're well-positioned to unlock the full potential of conversational AI at BotBay. Our solution can help you:

1. **Optimize Conversational Flows**: Streamline your conversational AI workflows, reducing friction and increasing customer satisfaction.
2. **Enhance Strategic Decision-Making**: Leverage data insights to inform strategic growth initiatives, driving revenue and competitiveness in the conversational AI market.
4. **Future-Proof Your Business Model**: Stay ahead of the competition by identifying and capitalizing on emerging trends and opportunities in conversational AI.

**Why it Matters:** As a Chief Strategy Officer, you're responsible for charting BotBay's future course. Our solution can help you:

* Drive growth through strategic partnerships and collaborations
* Identify and","Here's a short, personalized icebreaker that you can use to connect with Kabir Saxena on LinkedIn:

""Kabir, as a Chief Strategy Officer at BotBay, I'm curious to know - what's the most innovative strategy you've implemented recently that's driving growth and success for your organization? I'd love to learn more about your experiences and explore potential ways we could collaborate.""

This opener is personalized because:

* It addresses Kabir by name, making it more likely he'll respond.
* It references his job title and company, showing you've taken the time to research him.
* The question is relevant to his role and industry, making it more likely he'll engage with the conversation.

Feel free to modify it to fit your tone and approach!"
Julia Tran,Product Designer,Pixloop,Design,https://linkedin.com/in/juliatran,"Based on Julia Tran's info, her goals are likely centered around creating innovative and user-friendly product designs that drive business growth. Her responsibilities probably involve developing and refining product design concepts, collaborating with cross-functional teams, and staying up-to-date with industry trends. Julia's mindset is likely creative, problem-solving, and customer-centric.","Based on the job title and industry, here's a personalized value pitch angle for Pixloop's Product Designer:

**Title:** ""Elevate Pixloop's Design Vision with [Your Solution/Tool]""

**Angle:** ""As a Product Designer at Pixloop, you understand the importance of crafting exceptional user experiences that meet but exceed customer expectations. With [Your Solution/Tool], you'll have the power to amplify your design capabilities, streamline your workflow, and drive business growth through:

1. **Design Efficiency**: [Your Solution/Tool] automates tedious tasks, enabling you to focus on high-impact design decisions that drive user engagement and retention.
2. **Enhanced Collaboration**: Seamlessly integrate with cross-functional teams, ensuring that design vision is aligned with business objectives, and stakeholders are fully invested in the design process.
3. **Data-Driven Design Decisions**: Leverage actionable insights to inform design choices, reducing the guesswork and ensuring that Pixloop's products meet the evolving","Here's a personalized icebreaker that feels warm and inviting:

""Hi Julia, I came across your profile and was impressed by the amazing work you're doing as a Product Designer at Pixloop. Your passion for creating user-centered experiences really shines through! I'd love to connect and explore ways we can help each other grow in the design community. What's been the most fulfilling project you've worked on recently?""

This opener is personalized because:

* It addresses Julia by her name
* It shows that you've taken the time to review her profile and understand her profession
* It highlights her strengths and passions, which can help establish a connection
* It shows interest in her work and asks a question that encourages her to share more about herself."
Dhruv Patel,Lead AI Engineer,LogiqAI,AI,https://linkedin.com/in/dhruvpatel,"Dhruv Patel, Lead AI Engineer at LogiqAI, likely focuses on developing and implementing AI solutions, overseeing AI projects, and guiding a team of engineers. His responsibilities may include designing AI architectures, ensuring model accuracy, and collaborating with cross-functional teams. With a strong technical background, Dhruv's mindset is likely analytical, innovative, and results-driven.","Based on the job title and company, here's a personalized value pitch:

**Value Pitch Angle:**

As a Lead AI Engineer at LogiqAI, you're at the forefront of innovation, driving the development of cutting-edge AI solutions that transform industries. Your expertise in AI engineering enables you to bridge the gap between technical possibilities and business outcomes.

**Here's how [Your Solution/Platform] can amplify your impact:**

* **Streamline AI Development**: Our solution can help you optimize your AI development pipeline, reducing the time and resources spent on manual tasks, and allowing your team to focus on high-value tasks that drive business growth.
* **Improve Model Accuracy**: Our platform provides advanced tools for data preprocessing, feature engineering, and model optimization, ensuring that your AI models are accurate, reliable, and scalable.
* **Accelerate Time-to-Market**: With our solution, you can reduce the time it takes to deploy AI models into production, enabling your organization to respond quickly to changing market","Here's a short and personalized icebreaker:

""Hi Dhruv, I came across your profile and was impressed by the innovative work you're leading at LogiqAI. Your expertise in AI engineering is truly inspiring, and I'd love to learn more about the projects that excite you the most. What drives your passion for AI applications, and how do you see it shaping the industry in the next few years?""

Feel free to adjust according to your tone and style!"
Andrea Lopez,VP Partnerships,Clickbridge,MarTech,https://linkedin.com/in/andrealopez,"Andrea Lopez, VP of Partnerships at Clickbridge, is likely focused on driving revenue growth through strategic collaborations, managing a team to identify and cultivate lucrative relationships, and constantly staying up-to-date on the latest MarTech trends and innovations.","Here's a personalized value pitch angle for the VP of Partnerships at Clickbridge, a MarTech company:**

**""Unlocking Strategic Growth through Collaborative Innovation""**

As a VP of Partnerships at Clickbridge, you're constantly seeking ways to drive growth, expand your market reach, and increase revenue. Our solution is designed to help you achieve these goals by fostering strategic partnerships that fuel innovation and success.

**Here's how we can help:**

1. **Amplify Your Brand**: Our platform enables you to showcase your brand's value proposition to a broader audience, increasing your visibility and credibility in the MarTech space.
2. **Streamline Partnership Management**: Our solution streamlines partnership management, enabling you to focus on high-leverage activities like strategy, revenue growth, and innovation.
3. **Identify New Opportunities**: Our analytics and insights capabilities help you identify untapped opportunities, allowing you to develop targeted strategies that drive meaningful partnerships and growth.
5. **Enhance Collaboration","Here's a personalized icebreaker:

""Hi Andrea, I came across Clickbridge and was impressed by the innovative partnerships you've forged as VP. I'd love to explore how our solutions can help amplify your partnership strategy and drive growth for your organization. What's been the most rewarding partnership you've established recently?""

This opener:

* Addresses Andrea by name, showing you've taken the time to research her profile
* References her company and role, demonstrating your interest in her work
* Shows enthusiasm for her accomplishments and asks a question that encourages her to share her experience and insights
* Keeps the tone warm and conversational, making it easy for Andrea to respond and engage with you."
Rishi Nair,Growth Manager,SalesGear,SaaS,https://linkedin.com/in/rishinair,"Rishi Nair, as a Growth Manager at SalesGear, is likely focused on scaling the company's SaaS product, driving user acquisition, and optimizing customer conversion rates. His responsibilities may include developing and executing growth strategies, experimenting with new marketing channels, and analyzing data to inform product roadmap decisions. He has a data-driven mindset, always looking for opportunities to optimize and improve growth metrics.","Based on the job title and industry, here's a value pitch angle that could resonate with the Growth Manager at SalesGear:

**Value Pitch Angle:**

""Unlock Scalable Growth with Data-Driven Insights""

As a Growth Manager at SalesGear, you're responsible for driving revenue growth, identifying new opportunities, and optimizing sales performance. However, with the ever-increasing complexity of sales operations, it's becoming more challenging to make data-driven decisions that drive real growth.

Our solution helps you:

1. **Unlock hidden revenue potential**: Get actionable insights into customer behavior, sales performance, and market trends to identify areas for growth and optimization.
2. **Streamline sales operations**: Automate manual processes, and eliminate data silos to make informed decisions, faster.
3. **Drive data-driven growth strategies**: Leverage our expertise and cutting-edge technology to create a tailored growth plan that aligns with your business goals.

By partnering with us, you'll be able to:

* 20% increase","Here's a personalized icebreaker:

""Hi Rishi, hope your growth strategies are paying off at SalesGear is crushing its targets! I came across your profile and was impressed with your expertise in driving growth. What are some of the most impactful initiatives you've led recently that you're particularly proud of?""

This opener aims to:

* Address Rishi by name to create a sense of familiarity
* Show interest in his current role and company
* Highlight his expertise and ask a question that encourages him to share his accomplishments
* End with a warm and inviting tone"
Meera Sinha,Founder,Netpure,WaterTech,https://linkedin.com/in/meerasinha,"Meera Sinha, Founder of Netpure, a WaterTech company, likely aims to revolutionize the water industry through sustainable solutions, drive business growth, and create a positive environmental impact. As a founder, her responsibilities may include strategic decision-making, fundraising, and team management. She is likely a visionary entrepreneur with a strong passion for innovation and sustainability.","Here's a personalized value pitch angle for the Founder of Netpure, a WaterTech company"":

**""Unlock the Full Potential of Your WaterTech Vision""**

As the Founder of Netpure, you're driven by a passion to innovate, but also to make a meaningful impact on the environment and people's lives. Your company is at the forefront of the WaterTech industry, and you're constantly seeking ways to optimize water management, reduce waste, and create sustainable solutions. 

Our solution is designed to support your vision by [briefly mention how your solution addresses a specific pain point or goal in the WaterTech industry]. With our expertise, you can:

* Enhance your company's reputation as a leader in WaterTech innovation
* Drive cost savings and efficiency gains through optimized water management
* Expand your customer base and increase revenue streams through our collaborative approach
* Further differentiate Netpure from competitors and establish a strong market presence

By partnering with us, you'll not only achieve your business objectives but","Here's a personalized icebreaker that feels warm and inviting:

""Hi Meera, I came across Netpure and was impressed by the impact your company is making. As a founder, you must be incredibly proud of the progress you've achieved so far. I'd love to learn more about your vision and what inspired you to start Netpure. Looking forward to connecting and exploring potential collaboration opportunities!""

This opener:

* Addresses Meera by name, making it personalized and warm
* Shows genuine interest in her company and achievements
* Asks an open-ended question, allowing Meera to share more about her vision and inspiration
* Ends with a friendly and collaborative tone, setting the stage for a potential conversation."
Kevin Lee,Innovation Lead,NeuroLaunch,BioTech,https://linkedin.com/in/kevinlee,"Based on Kevin Lee's info, here is a description of his likely goals, responsibilities, and mindset:

Kevin Lee, Innovation Lead at NeuroLaunch, is likely focused on driving cutting-edge biotech solutions, overseeing projects from concept to launch, and staying at the forefront of industry advancements. His responsibilities may include ideation, prototyping, and scaling innovative products or services. He likely has a forward-thinking, entrepreneurial mindset, always seeking to push boundaries and improve human lives through biotechnology.","Based on the Job Title, Company, and Industry, here's a personalized value pitch angle for the Innovation Lead at NeuroLaunch:

**Value Pitch Angle:** ""Accelerating Neurological Breakthroughs through Collaborative Innovation""

**Rationale:**

1. **Innovation Lead** role implies a focus on driving new ideas, processes, and technologies to stay ahead in the BioTech industry.
2. **NeuroLaunch** company name suggests a focus on launching innovative neurological solutions, which aligns with the Innovation Lead's role.
3. **BioTech** industry is highly competitive, and innovation is crucial to stay ahead of the curve.

**Potential Value Proposition:**

""As an Innovation Lead at NeuroLaunch, you're committed to driving cutting-edge solutions that improve human lives. Our [product/service] can help you accelerate neurological breakthroughs by [briefly describe how it can streamline processes, reduce costs, or enhance collaboration]. By partnering with us, you can:

* Reduce time-to-market for new","Here's a personalized icebreaker that feels warm:

""Hi Kevin, I came across your profile and was impressed by the innovative work you're leading at NeuroLaunch. As someone who's passionate about driving progress in the industry, I'd love to connect and explore ways we can collaborate to create meaningful impact together. Looking forward to learning more about your current projects and seeing how we can support each other's goals.""

This opener:

* Uses Kevin's name to create a personal touch
* References his company and job title to show you've taken the time to research
* Expresses admiration for his work, which can help build rapport
* Ends with a clear call to action, encouraging Kevin to respond and start a conversation."
Tanya Bhagat,Marketing Head,FlickCart,E-commerce,https://linkedin.com/in/tanyabhagat,"Tanya Bhagat, as the Marketing Head of FlickCart, an e-commerce company, is likely focused on driving sales, revenue growth, and brand awareness through effective marketing strategies. Her mindset is probably centered around staying up-to-date with the latest marketing trends and technologies to stay competitive in the fast-paced online shopping industry.","Here's a personalized value pitch angle for the Marketing Head at FlickCart:

**Value Pitch Angle:** ""Unlock Explosive Growth in the Competitive E-commerce Landscape""

**Why this angle?**

1. **Industry competition**: As a Marketing Head in the e-commerce industry, FlickCart faces intense competition from other players. This angle acknowledges the challenges and positions our solution as a game-changer.
2. **Growth-oriented role**: The Marketing Head is responsible for driving growth, and our angle speaks directly to that goal, making it more relatable and relevant.
3. **Emphasis on ""Explosive""**: This word choice creates a sense of urgency and implies that our solution can help FlickCart achieve rapid growth, setting us apart from other solutions that may promise more gradual progress.

**Example Value Pitch:**

""Hi [Marketing Head's Name],

As the Marketing Head at FlickCart, you're constantly looking for innovative ways to drive growth, increase customer engagement, and","Here's a short icebreaker that feels personalized and warm for Tanya Bhagat:

""Hi Tanya, I've been impressed by FlickCart's innovative marketing campaigns lately, and I'm thrilled to have the opportunity to connect with the mastermind behind them! What inspired you to take on the role of Marketing Head at FlickCart, and what are some exciting projects you're working on currently?""

This opener aims to:

* Show admiration for Tanya's work, making her feel valued and recognized
* Ask an open-ended question, encouraging her to share more about herself and her role
* Demonstrate interest in her current projects, which can lead to a meaningful conversation

Feel free to adjust according to your tone and style."
Arjun Arora,CTO,Agilix,EdTech,https://linkedin.com/in/arjunarora,"Based on Arjun's info, his likely goals are to leverage technology to drive innovation in the EdTech space, his responsibilities include overseeing the technical strategy and development of Agilix, and his mindset is forward-thinking, strategic, and focused on using technology to improve education.","Here's a personalized value pitch angle for the CTO of Agilix, an EdTech company:

**Value Pitch Angle:** ""Empowering Educational Innovation through Scalable Technology Solutions""

**Why this angle?**

* As a CTO, the lead is responsible for overseeing the company's technical strategy and infrastructure. This angle speaks directly to their area of expertise.
* EdTech is a rapidly growing industry, and Agilix is likely looking to stay ahead of the curve. By highlighting scalable technology solutions, we're speaking to the CTO's concerns about future-proofing their company's tech stack.
* By emphasizing ""Empowering Educational Innovation"", we're connecting the technical aspects of the solution to the ultimate goal of improving education. This resonates with Agilix's EdTech focus and values.

**Example Value Proposition:**

""As a CTO of Agilix, you're committed to harnessing the power of technology to enhance education. Our [solution/platform] helps you achieve this vision","Here's a personalized icebreaker:

""Hi Arjun, hope you're doing great. I came across Agilix and was impressed with the innovative solutions you're bringing to the table. As a CTO, you must be at the forefront of driving technological advancements in your industry. I'd love to learn more about your current projects and challenges, and explore potential ways we could collaborate.""

This opener aims to:

1. Address Arjun by name, making it personalized.
2. Show familiarity with his company and industry, demonstrating research.
3. Highlight his role and responsibilities, acknowledging his expertise.
4. Express interest in his current projects and challenges, displaying empathy.
5. End with an invitation to collaborate, opening the door for further conversation."
